{
  "mlbherecomesladybug": {
    "sounds": [
      {
        "name": "mlbherecomesladybug",
        "stream": true
      }
    ]
  },
  "records.13": {
    "sounds": [
      {
        "name": "records/13",
        "stream": true
      }
    ]
  },
  "records.11": {
    "sounds": [
      {
        "name": "records/11",
        "stream": true
      }
    ]
  },
  "mlbtheakumasattack": {
    "sounds": [
      {
        "name": "mlbtheakumasattack",
        "stream": true
      }
    ]
  }
}
